City,1st Trimester,2nd Trimester,3rd Trimester,None,Unknown,(blank),Grand Total,Percent Starting 3rd Trimester,No Care as %,3rd and none %
CANBY,0,3,2,0,0,,5,40,0,40
ELK CREEK,7,8,4,2,0,,21,19.04761905,9.523809524,28.57142857
MANCHESTER,15,5,7,0,0,,27,25.92592593,0,25.92592593
ORICK,7,6,4,0,1,,18,22.22222222,0,22.22222222
SAN LUCAS,20,8,8,0,1,,37,21.62162162,0,21.62162162
NILAND,53,39,14,11,3,,120,11.66666667,9.166666667,20.83333333
LEE VINING,17,10,7,0,0,,34,20.58823529,0,20.58823529
POTRERO,74,27,17,9,0,,127,13.38582677,7.086614173,20.47244094
SOMES BAR,3,5,2,0,0,,10,20,0,20
BUTTE CITY,7,0,2,0,1,,10,20,0,20
MIRAMONTE,4,0,1,0,0,,5,20,0,20
ONYX,2,1,1,0,1,,5,20,0,20
ANNAPOLIS,4,0,1,0,0,,5,20,0,20
SOUTH DOS PALOS,19,22,10,0,0,,51,19.60784314,0,19.60784314
WHITMORE,11,5,4,0,1,,21,19.04761905,0,19.04761905
CALEXICO,2151,1289,494,320,147,,4401,11.22472165,7.271074756,18.49579641
LAYTONVILLE,72,35,24,1,5,,137,17.51824818,0.729927007,18.24817518
PATTON,7,3,2,0,0,,12,16.66666667,0,16.66666667
JUNCTION CITY,6,3,2,0,1,,12,16.66666667,0,16.66666667
TALMAGE,4,1,1,0,0,,6,16.66666667,0,16.66666667
MONTGOMERY CREEK,4,1,1,0,0,,6,16.66666667,0,16.66666667
AVERY,4,1,1,0,0,,6,16.66666667,0,16.66666667
RAIL ROAD FLAT,13,2,2,1,1,,19,10.52631579,5.263157895,15.78947368
HAT CREEK,9,5,2,1,2,,19,10.52631579,5.263157895,15.78947368
DULZURA,52,14,10,2,0,,78,12.82051282,2.564102564,15.38461538
ORO GRANDE,53,20,10,3,0,,86,11.62790698,3.488372093,15.11627907
CLEARLAKE PARK,12,5,2,1,0,,20,10,5,15
SALYER,16,6,4,0,1,,27,14.81481481,0,14.81481481
BORON,89,42,16,7,2,,156,10.25641026,4.487179487,14.74358974
TECATE,36,6,6,1,0,,49,12.24489796,2.040816327,14.28571429
WEOTT,5,1,1,0,0,,7,14.28571429,0,14.28571429
LITTLE RIVER,3,3,1,0,0,,7,14.28571429,0,14.28571429
SEELEY,82,45,12,9,1,,149,8.053691275,6.040268456,14.09395973
HEBER,455,221,87,27,26,,816,10.66176471,3.308823529,13.97058824
ALTAVILLE,13,6,3,0,0,,22,13.63636364,0,13.63636364
TRONA,70,53,17,3,4,,147,11.56462585,2.040816327,13.60544218
NICE,88,38,19,1,1,,147,12.92517007,0.680272109,13.60544218
WESTMORLAND,115,74,21,9,6,,225,9.333333333,4,13.33333333
HOOPA,180,110,30,15,7,,342,8.771929825,4.385964912,13.15789474
DOBBINS,12,8,3,0,0,,23,13.04347826,0,13.04347826
EL CENTRO,2482,1224,375,198,146,,4425,8.474576271,4.474576271,12.94915254
WESTLEY,56,16,10,1,2,,85,11.76470588,1.176470588,12.94117647
MOJAVE,247,141,38,20,5,,451,8.425720621,4.4345898,12.86031042
BRIDGEPORT,5,2,1,0,0,,8,12.5,0,12.5
HURON,512,199,98,4,6,,819,11.96581197,0.488400488,12.45421245
AVENAL,762,202,122,15,17,,1118,10.91234347,1.341681574,12.25402504
HOLTVILLE,369,189,53,27,18,,656,8.079268293,4.115853659,12.19512195
YERMO,57,22,11,0,1,,91,12.08791209,0,12.08791209
TRAVER,41,7,6,1,4,,59,10.16949153,1.694915254,11.86440678
OAK RUN,19,7,3,1,4,,34,8.823529412,2.941176471,11.76470588
FRENCH GULCH,9,6,2,0,0,,17,11.76470588,0,11.76470588
HAYFORK,88,38,16,1,2,,145,11.03448276,0.689655172,11.72413793
LEWISTON,23,20,5,1,3,,52,9.615384615,1.923076923,11.53846154
ROBBINS,18,5,3,0,0,,26,11.53846154,0,11.53846154
CABAZON,146,62,19,8,1,,236,8.050847458,3.389830508,11.44067797
MADISON,40,14,7,0,1,,62,11.29032258,0,11.29032258
COVELO,76,89,18,4,8,,195,9.230769231,2.051282051,11.28205128
LLANO,17,16,3,1,0,,37,8.108108108,2.702702703,10.81081081
CALIFORNIA CITY,560,236,64,32,16,,908,7.04845815,3.524229075,10.57268722
MARKLEEVILLE,11,5,1,1,1,,19,5.263157895,5.263157895,10.52631579
INYOKERN,53,31,10,0,2,,96,10.41666667,0,10.41666667
MIDPINES,27,12,5,0,4,,48,10.41666667,0,10.41666667
LUCERNE,124,41,18,1,0,,184,9.782608696,0.543478261,10.32608696
MOUNTAIN CENTER,34,9,5,0,1,,49,10.20408163,0,10.20408163
CALIENTE,30,5,2,2,1,,40,5,5,10
RIO NIDO,6,2,1,0,1,,10,10,0,10
BRAWLEY,1497,828,178,87,72,,2662,6.686701728,3.268219384,9.954921112
MARICOPA,65,14,7,3,12,,101,6.930693069,2.97029703,9.900990099
PALERMO,76,30,11,1,4,,122,9.016393443,0.819672131,9.836065574
JACUMBA,28,17,3,2,1,,51,5.882352941,3.921568627,9.803921569
LAKEHEAD,19,17,4,0,1,,41,9.756097561,0,9.756097561
CAMPO,194,47,22,4,0,,267,8.239700375,1.498127341,9.737827715
BORREGO SPRINGS,99,32,13,1,1,,146,8.904109589,0.684931507,9.589041096
EL NIDO,42,21,7,0,3,,73,9.589041096,0,9.589041096
LANDERS,75,18,9,1,3,,106,8.490566038,0.943396226,9.433962264
LAKEPORT,389,158,49,7,2,,605,8.099173554,1.157024793,9.256198347
WILLOW CREEK,79,27,7,4,2,,119,5.882352941,3.361344538,9.243697479
CASTROVILLE,664,321,100,3,27,,1115,8.968609865,0.269058296,9.237668161
NEWBERRY SPRINGS,98,18,1,11,2,,130,0.769230769,8.461538462,9.230769231
DOS PALOS,417,267,67,3,8,,762,8.792650919,0.393700787,9.186351706
MECCA,1169,272,135,11,8,,1595,8.463949843,0.689655172,9.153605016
ORLEANS,36,14,4,1,0,,55,7.272727273,1.818181818,9.090909091
RUTHERFORD,8,2,1,0,0,,11,9.090909091,0,9.090909091
MYERS FLAT,7,3,1,0,0,,11,9.090909091,0,9.090909091
MEADOW VALLEY,6,4,1,0,0,,11,9.090909091,0,9.090909091
CHALLENGE,4,6,1,0,0,,11,9.090909091,0,9.090909091
POINT ARENA,28,23,5,0,0,,56,8.928571429,0,8.928571429
REDWAY,57,23,7,1,2,,90,7.777777778,1.111111111,8.888888889
BROWNSVILLE,27,24,3,2,1,,57,5.263157895,3.50877193,8.771929825
LEMON COVE,18,3,0,2,0,,23,0,8.695652174,8.695652174
PALO CEDRO,87,27,9,2,2,,127,7.086614173,1.57480315,8.661417323
THERMAL,1490,378,160,15,24,,2067,7.740686986,0.725689405,8.466376391
IMPERIAL,924,350,87,33,40,,1434,6.066945607,2.30125523,8.368200837
GARDEN VALLEY,81,38,10,1,2,,132,7.575757576,0.757575758,8.333333333
DOYLE,33,10,4,0,1,,48,8.333333333,0,8.333333333
LOCKWOOD,17,4,2,0,1,,24,8.333333333,0,8.333333333
DUCOR,55,21,6,1,2,,85,7.058823529,1.176470588,8.235294118
HERALD,57,15,7,0,6,,85,8.235294118,0,8.235294118
GUSTINE,391,189,48,3,5,,636,7.547169811,0.471698113,8.018867925
CATHEYS VALLEY,35,11,4,0,0,,50,8,0,8
EL CAJON,9208,1946,820,148,14,,12136,6.756756757,1.219512195,7.976268952
CUTLER,450,132,45,7,18,,652,6.901840491,1.073619632,7.975460123
CALIPATRIA,181,104,22,3,4,,314,7.006369427,0.955414013,7.961783439
ALPAUGH,121,17,9,3,1,,151,5.960264901,1.986754967,7.947019868
FARMINGTON,24,11,1,2,0,,38,2.631578947,5.263157895,7.894736842
SMITH RIVER,81,36,8,2,0,,127,6.299212598,1.57480315,7.874015748
LEMON GROVE,1469,328,122,32,6,,1957,6.234031681,1.635155851,7.869187532
WINTON,750,336,92,4,39,,1221,7.534807535,0.327600328,7.862407862
TAFT,951,352,97,24,119,,1543,6.286454958,1.555411536,7.841866494
MERCED,4949,2692,641,35,414,,8731,7.341656168,0.400870462,7.742526629
HOMEWOOD,8,4,0,1,0,,13,0,7.692307692,7.692307692
HINKLEY,63,31,8,0,2,,104,7.692307692,0,7.692307692
OCCIDENTAL,19,5,2,0,0,,26,7.692307692,0,7.692307692
ADIN,21,3,2,0,0,,26,7.692307692,0,7.692307692
SHINGLETOWN,89,38,8,3,6,,144,5.555555556,2.083333333,7.638888889
LAMONT,1498,460,132,35,86,,2211,5.970149254,1.58299412,7.553143374
SALTON CITY,122,23,10,2,2,,159,6.289308176,1.257861635,7.547169811
KLAMATH,44,29,4,2,1,,80,5,2.5,7.5
BANNING,1431,449,135,18,10,,2043,6.607929515,0.881057269,7.488986784
WOFFORD HEIGHTS,61,12,2,4,2,,81,2.469135802,4.938271605,7.407407407
GLENN,38,12,4,0,0,,54,7.407407407,0,7.407407407
CEDAR GLEN,39,10,4,0,1,,54,7.407407407,0,7.407407407
CEDARVILLE,14,8,2,0,3,,27,7.407407407,0,7.407407407
FRENCH CAMP,175,83,18,3,5,,284,6.338028169,1.056338028,7.394366197
SANTA YSABEL,40,11,4,0,0,,55,7.272727273,0,7.272727273
BELLA VISTA,36,15,4,0,0,,55,7.272727273,0,7.272727273
BOULEVARD,47,17,3,2,0,,69,4.347826087,2.898550725,7.246376812
LOS BANOS,1913,1047,213,19,15,,3207,6.641721235,0.592454007,7.234175242
GREENFIELD,1315,803,162,6,55,,2341,6.920119607,0.256300726,7.176420333
MACDOEL,19,6,2,0,1,,28,7.142857143,0,7.142857143
JOLON,12,1,1,0,0,,14,7.142857143,0,7.142857143
CORCORAN,1022,295,83,18,15,,1433,5.792044662,1.256106071,7.048150733
CLEARLAKE OAKS,90,40,9,1,2,,142,6.338028169,0.704225352,7.042253521
YUCCA VALLEY,1127,310,96,15,29,,1577,6.087507926,0.951173114,7.03868104
ADELANTO,2333,642,147,79,21,,3222,4.562383613,2.451893234,7.014276847
ARVIN,1605,463,136,26,101,,2331,5.834405834,1.115401115,6.94980695
SAN MIGUEL,274,95,24,4,6,,403,5.955334988,0.992555831,6.947890819
CHOWCHILLA,967,304,90,9,56,,1426,6.311360449,0.631136045,6.942496494
HELENDALE,249,60,20,3,0,,332,6.024096386,0.903614458,6.927710843
LAKE ISABELLA,248,47,17,7,28,,347,4.899135447,2.017291066,6.916426513
ALTURAS,175,42,12,5,12,,246,4.87804878,2.032520325,6.910569106
CLEARLAKE,725,304,70,8,22,,1129,6.200177148,0.708591674,6.908768822
BUTTONWILLOW,168,40,11,5,8,,232,4.74137931,2.155172414,6.896551724
WILLITS,537,220,51,6,14,,828,6.15942029,0.724637681,6.884057971
TRINIDAD,86,17,7,1,6,,117,5.982905983,0.854700855,6.837606838
STRATFORD,91,32,7,2,0,,132,5.303030303,1.515151515,6.818181818
SHAFTER,1388,393,113,23,90,,2007,5.630293971,1.145989038,6.776283009
WINTERHAVEN,2,0,2,4,81,,89,2.247191011,4.494382022,6.741573034
DUNNIGAN,57,24,5,1,3,,90,5.555555556,1.111111111,6.666666667
BIG SUR,43,11,4,0,2,,60,6.666666667,0,6.666666667
DOUGLAS CITY,20,22,3,0,0,,45,6.666666667,0,6.666666667
LITCHFIELD,10,2,1,0,2,,15,6.666666667,0,6.666666667
JOSHUA TREE,535,131,44,4,10,,724,6.077348066,0.552486188,6.629834254
HAPPY CAMP,48,21,2,3,2,,76,2.631578947,3.947368421,6.578947368
LOS MOLINOS,134,51,11,2,1,,199,5.527638191,1.005025126,6.532663317
NORTH HIGHLANDS,1863,570,127,47,63,,2670,4.756554307,1.760299625,6.516853933
ARMONA,260,78,24,0,7,,369,6.504065041,0,6.504065041
STRATHMORE,420,180,37,5,4,,646,5.72755418,0.773993808,6.501547988
LITTLEROCK,555,309,52,8,5,,929,5.597416577,0.861141012,6.458557589
ATWATER,1873,758,179,9,100,,2919,6.132237067,0.308324769,6.440561836
GERBER,153,67,11,4,2,,237,4.641350211,1.687763713,6.329113924
TERRA BELLA,379,162,35,2,7,,585,5.982905983,0.341880342,6.324786325
KETTLEMAN CITY,132,45,11,1,1,,190,5.789473684,0.526315789,6.315789474
PEARBLOSSOM,70,19,6,0,0,,95,6.315789474,0,6.315789474
KING CITY,1091,435,98,5,12,,1641,5.971968312,0.304692261,6.276660573
RIDGECREST,1592,799,138,23,21,,2573,5.36338904,0.893898173,6.257287213
RIO VISTA,177,46,13,2,2,,240,5.416666667,0.833333333,6.25
TULELAKE,80,23,7,0,2,,112,6.25,0,6.25
BLAIRSDEN-GRAEAGLE,20,6,2,0,4,,32,6.25,0,6.25
STANDISH,10,4,1,0,1,,16,6.25,0,6.25
INDEPENDENCE,12,1,1,0,2,,16,6.25,0,6.25
RED BLUFF,1338,449,107,13,21,,1928,5.549792531,0.674273859,6.22406639
VACAVILLE,4495,907,346,14,37,,5799,5.966545956,0.241420935,6.207966891
EMPIRE,125,51,8,4,6,,194,4.12371134,2.06185567,6.18556701
BODFISH,66,18,4,2,7,,97,4.12371134,2.06185567,6.18556701
ISLETON,43,17,3,1,1,,65,4.615384615,1.538461538,6.153846154
MADERA,6650,1875,492,87,323,,9427,5.21905166,0.922881086,6.141932746
SPRING VALLEY,4149,832,258,68,6,,5313,4.856013552,1.279879541,6.135893092
SNELLING,34,10,3,0,2,,49,6.12244898,0,6.12244898
CAMP PENDLETON,32,13,3,0,1,,49,6.12244898,0,6.12244898
COALINGA,834,198,61,7,14,,1114,5.475763016,0.628366248,6.104129264
PORTERVILLE,5480,1892,437,47,74,,7930,5.510718789,0.592686003,6.103404792
MARYSVILLE,1648,884,149,16,13,,2710,5.498154982,0.590405904,6.088560886
KELSEYVILLE,406,130,34,1,4,,575,5.913043478,0.173913043,6.086956522
GRATON,27,4,1,1,0,,33,3.03030303,3.03030303,6.060606061
ALBION,15,16,1,1,0,,33,3.03030303,3.03030303,6.060606061
PHILO,51,25,5,0,2,,83,6.024096386,0,6.024096386
GRIDLEY,550,191,47,1,8,,797,5.897114178,0.125470514,6.022584693
GUALALA,62,32,6,0,0,,100,6,0,6
COBB,62,16,4,1,1,,84,4.761904762,1.19047619,5.952380952
COLUSA,410,174,34,3,2,,623,5.457463884,0.481540931,5.939004815
LINDSAY,1212,418,96,8,21,,1755,5.47008547,0.455840456,5.925925926
GRIMES,25,7,0,2,0,,34,0,5.882352941,5.882352941
DORRIS,26,21,2,1,1,,51,3.921568627,1.960784314,5.882352941
TAHOE VISTA,38,26,4,0,0,,68,5.882352941,0,5.882352941
WHITETHORN,51,11,4,0,2,,68,5.882352941,0,5.882352941
ROUND MOUNTAIN,9,7,1,0,0,,17,5.882352941,0,5.882352941
CAMPTONVILLE,13,3,1,0,0,,17,5.882352941,0,5.882352941
STOCKTON,21612,6300,1474,291,542,,30219,4.877725934,0.962970317,5.840696251
HOPLAND,71,25,6,0,1,,103,5.825242718,0,5.825242718
REDWOOD VALLEY,220,69,17,1,4,,311,5.466237942,0.321543408,5.78778135
MIRANDA,41,7,3,0,1,,52,5.769230769,0,5.769230769
DINUBA,2117,428,148,18,179,,2890,5.121107266,0.62283737,5.743944637
DESCANSO,56,10,3,1,0,,70,4.285714286,1.428571429,5.714285714
TAHOMA,22,10,2,0,1,,35,5.714285714,0,5.714285714
BARSTOW,2169,553,124,45,83,,2974,4.169468729,1.513113652,5.682582381
HANFORD,3992,1089,258,53,94,,5486,4.702880058,0.966095516,5.668975574
SANTA MARIA,8803,3406,665,87,317,,13278,5.00828438,0.65521916,5.66350354
WASCO,1608,476,116,14,89,,2303,5.03690838,0.607902736,5.644811116
RIO LINDA,734,188,38,19,34,,1013,3.751233959,1.875616979,5.626850938
TWENTYNINE PALMS,2655,534,184,10,87,,3470,5.30259366,0.288184438,5.590778098
GEYSERVILLE,82,19,6,0,1,,108,5.555555556,0,5.555555556
SULTANA,46,19,4,0,3,,72,5.555555556,0,5.555555556
WALLACE,31,3,2,0,0,,36,5.555555556,0,5.555555556
MOUNTAIN RANCH,29,5,2,0,0,,36,5.555555556,0,5.555555556
SAMOA,12,5,1,0,0,,18,5.555555556,0,5.555555556
ROWLAND HEIGHTS,4136,529,309,2,671,,5647,5.471931999,0.035417036,5.507349035
ORLAND,705,275,55,3,20,,1058,5.198487713,0.283553875,5.482041588
LOWER LAKE,90,28,5,2,3,,128,3.90625,1.5625,5.46875
CLARKSBURG,44,6,2,1,2,,55,3.636363636,1.818181818,5.454545455
GONZALES,608,210,46,2,14,,880,5.227272727,0.227272727,5.454545455
COLEVILLE,72,8,4,1,7,,92,4.347826087,1.086956522,5.434782609
LAKESIDE,2236,411,140,12,2,,2801,4.998214923,0.428418422,5.426633345
FAIRFIELD,5231,1486,348,40,52,,7157,4.862372502,0.558893391,5.421265894
ORANGE COVE,887,209,57,10,77,,1240,4.596774194,0.806451613,5.403225806
OXNARD,15106,4942,1059,86,7,,21200,4.995283019,0.405660377,5.400943396
RICHGROVE,211,66,15,1,5,,298,5.033557047,0.33557047,5.369127517
MORONGO VALLEY,156,33,10,1,5,,205,4.87804878,0.487804878,5.365853659
DIXON,1059,197,65,7,15,,1343,4.839910648,0.521221147,5.361131794
SOLEDAD,1202,412,90,4,46,,1754,5.131128848,0.228050171,5.359179019
GUATAY,12,6,0,1,0,,19,0,5.263157895,5.263157895
WEAVERVILLE,114,61,10,0,6,,191,5.235602094,0,5.235602094
BAKERSFIELD,33980,7303,1930,523,3123,,46859,4.118739196,1.1161143,5.234853497
WATSONVILLE,5962,1730,406,23,92,,8213,4.943382442,0.280043833,5.223426275
WATERFORD,566,135,33,6,8,,748,4.411764706,0.802139037,5.213903743
CORNING,800,353,58,6,12,,1229,4.719283971,0.48820179,5.207485761
LOYALTON,40,8,3,0,7,,58,5.172413793,0,5.172413793
CARLOTTA,48,7,3,0,0,,58,5.172413793,0,5.172413793
VICTORVILLE,8580,1908,421,153,49,,11111,3.78903789,1.37701377,5.166051661
OROVILLE,2184,847,148,19,57,,3255,4.546850998,0.583717358,5.130568356
OREGON HOUSE,22,14,2,0,1,,39,5.128205128,0,5.128205128
VALLEJO,6069,1208,328,72,128,,7805,4.202434337,0.922485586,5.124919923
PALMDALE,8791,3586,562,110,71,,13120,4.283536585,0.838414634,5.12195122
SANTA MARGARITA,127,21,7,1,1,,157,4.458598726,0.636942675,5.095541401
SAN YSIDRO,3290,752,156,61,2,,4261,3.661112415,1.431588829,5.092701244
PALA,133,51,8,2,4,,198,4.04040404,1.01010101,5.050505051
OLIVEHURST,1722,657,108,19,18,,2524,4.278922345,0.752773376,5.031695721
HESPERIA,6008,1219,298,84,23,,7632,3.904612159,1.100628931,5.00524109
LAWNDALE,1922,386,112,12,56,,2488,4.501607717,0.482315113,4.98392283
FALLBROOK,2470,638,145,18,12,,3283,4.41669205,0.548279013,4.964971063
JULIAN,94,21,4,2,0,,121,3.305785124,1.652892562,4.958677686
GREENVILLE,60,14,3,1,3,,81,3.703703704,1.234567901,4.938271605
ANDERSON,962,400,61,12,44,,1479,4.124408384,0.811359026,4.93576741
TRUCKEE,787,180,46,5,16,,1034,4.448742747,0.483558994,4.932301741
PAUMA VALLEY,141,33,8,1,0,,183,4.371584699,0.546448087,4.918032787
BALLICO,44,13,3,0,1,,61,4.918032787,0,4.918032787
BETHEL ISLAND,49,9,3,0,0,,61,4.918032787,0,4.918032787
OROSI,955,224,53,10,43,,1285,4.124513619,0.778210117,4.902723735
QUINCY,185,35,10,2,13,,245,4.081632653,0.816326531,4.897959184
RIO OSO,22,17,2,0,0,,41,4.87804878,0,4.87804878
SHANDON,103,32,5,2,2,,144,3.472222222,1.388888889,4.861111111
UKIAH,1678,544,111,4,38,,2375,4.673684211,0.168421053,4.842105263
POLLOCK PINES,293,120,21,0,1,,435,4.827586207,0,4.827586207
PITTSBURG,5283,1326,309,30,79,,7027,4.397324605,0.426924719,4.824249324
LEBEC,60,18,3,1,1,,83,3.614457831,1.204819277,4.819277108
LIVINGSTON,1088,271,63,7,28,,1457,4.323953329,0.480439259,4.804392588
YUBA CITY,3691,1736,249,24,30,,5730,4.345549738,0.418848168,4.764397906
PILOT HILL,34,6,1,1,0,,42,2.380952381,2.380952381,4.761904762
STEVINSON,108,31,5,2,1,,147,3.401360544,1.360544218,4.761904762
ESCONDIDO,10253,2891,560,97,4,,13805,4.056501268,0.70264397,4.759145237
CARMICHAEL,2402,507,111,37,56,,3113,3.565692258,1.188564086,4.754256344
LATHROP,1119,251,61,8,13,,1452,4.201101928,0.550964187,4.752066116
APPLE VALLEY,3941,852,186,54,20,,5053,3.680981595,1.068672076,4.749653671
ACAMPO,257,79,13,4,5,,358,3.631284916,1.117318436,4.748603352
LIVE OAK,465,256,32,4,2,,759,4.216073781,0.527009223,4.743083004
ARBUCKLE,261,77,14,3,4,,359,3.899721448,0.835654596,4.735376045
LANCASTER,9604,4006,577,102,70,,14359,4.018385681,0.710355874,4.728741556
BURNEY,179,47,10,2,16,,254,3.937007874,0.787401575,4.724409449
CHESTER,68,24,5,0,9,,106,4.716981132,0,4.716981132
SALINAS,12703,3643,767,59,445,,17617,4.35374922,0.334903786,4.688653006
LUCERNE VALLEY,240,85,13,3,1,,342,3.801169591,0.877192982,4.678362573
SAN SIMEON,31,9,0,2,1,,43,0,4.651162791,4.651162791
PHELAN,702,157,33,9,3,,904,3.650442478,0.995575221,4.646017699
WOODLAND,3408,835,192,17,51,,4503,4.263824117,0.377526094,4.641350211
WILLOWS,443,187,27,4,7,,668,4.041916168,0.598802395,4.640718563
WESTWOOD,103,38,6,1,3,,151,3.973509934,0.662251656,4.635761589
GARBERVILLE,97,24,5,1,3,,130,3.846153846,0.769230769,4.615384615
HARBOR CITY,1422,246,68,14,28,,1778,3.824521935,0.787401575,4.61192351
LOS ALAMOS,115,26,5,2,4,,152,3.289473684,1.315789474,4.605263158
LOST HILLS,223,101,12,4,8,,348,3.448275862,1.149425287,4.597701149
LONE PINE,91,32,6,0,2,,131,4.580152672,0,4.580152672
FORT BRAGG,571,196,33,4,4,,808,4.084158416,0.495049505,4.579207921
GUADALUPE,506,168,33,0,16,,723,4.564315353,0,4.564315353
PLANADA,311,133,21,1,17,,483,4.347826087,0.207039337,4.554865424
MOKELUMNE HILL,50,13,2,1,0,,66,3.03030303,1.515151515,4.545454545
BURSON,19,2,1,0,0,,22,4.545454545,0,4.545454545
ESPARTO,167,40,9,1,4,,221,4.07239819,0.452488688,4.524886878
LA MESA,3802,567,172,35,5,,4581,3.754638725,0.764025322,4.518664047
CHUALAR,106,38,6,1,4,,155,3.870967742,0.64516129,4.516129032
WILMINGTON,3921,706,205,17,85,,4934,4.15484394,0.344548034,4.499391974
REDDING,4404,1708,248,49,193,,6602,3.756437443,0.742199334,4.498636777
BOONVILLE,58,26,4,0,1,,89,4.494382022,0,4.494382022
COPPEROPOLIS,132,38,8,0,1,,179,4.469273743,0,4.469273743
SUISUN CITY,1479,367,79,8,14,,1947,4.057524397,0.410888546,4.468412943
EARLIMART,934,178,45,8,23,,1188,3.787878788,0.673400673,4.461279461
CARSON,3822,771,197,22,109,,4921,4.003251372,0.447063605,4.450314977
FOREST FALLS,36,7,2,0,0,,45,4.444444444,0,4.444444444
LOS OLIVOS,37,6,2,0,0,,45,4.444444444,0,4.444444444
VALLEY CENTER,768,244,40,7,1,,1060,3.773584906,0.660377358,4.433962264
DELANO,3549,765,175,32,154,,4675,3.743315508,0.684491979,4.427807487
SAN JACINTO,2985,633,142,29,83,,3872,3.667355372,0.748966942,4.416322314
ANTIOCH,5423,1195,271,38,83,,7010,3.865905849,0.542082739,4.407988588
SUSANVILLE,722,185,41,5,91,,1044,3.927203065,0.478927203,4.406130268
SUTTER,123,27,7,0,2,,159,4.402515723,0,4.402515723
SHASTA LAKE,425,177,15,14,28,,659,2.276176024,2.124430956,4.40060698
HICKMAN,75,11,2,2,1,,91,2.197802198,2.197802198,4.395604396
ARCATA,639,152,29,8,15,,843,3.440094899,0.948991696,4.389086595
MOSS LANDING,79,28,4,1,2,,114,3.50877193,0.877192982,4.385964912
NEWMAN,737,168,30,12,12,,959,3.128258603,1.251303441,4.379562044
MARIPOSA,314,113,13,8,32,,480,2.708333333,1.666666667,4.375
CONCORD,6429,1564,335,32,64,,8424,3.976733143,0.379867047,4.35660019
FELLOWS,16,6,0,1,0,,23,0,4.347826087,4.347826087
CAMP MEEKER,15,7,1,0,0,,23,4.347826087,0,4.347826087
CARUTHERS,419,45,19,3,22,,508,3.74015748,0.590551181,4.330708661
ESCALON,610,137,32,2,7,,788,4.060913706,0.253807107,4.314720812
COACHELLA,3561,593,160,29,38,,4381,3.652134216,0.661949327,4.314083543
KEYES,273,78,15,1,4,,371,4.043126685,0.269541779,4.312668464
MCARTHUR,51,12,3,0,4,,70,4.285714286,0,4.285714286
MODESTO,14482,3791,667,161,351,,19452,3.428953321,0.827678388,4.256631709
WARNER SPRINGS,32,11,1,1,2,,47,2.127659574,2.127659574,4.255319149
SAN MARTIN,297,58,15,1,5,,376,3.989361702,0.265957447,4.255319149
MCCLELLAN,36,8,2,0,1,,47,4.255319149,0,4.255319149
HERLONG,26,14,2,0,5,,47,4.255319149,0,4.255319149
HORNBROOK,34,9,2,0,2,,47,4.255319149,0,4.255319149
HEMET,6076,1344,278,58,192,,7948,3.497735279,0.729743332,4.227478611
PORTOLA,150,45,9,0,9,,213,4.225352113,0,4.225352113
CAMINO,147,79,10,0,1,,237,4.219409283,0,4.219409283
MAMMOTH LAKES,398,100,22,0,3,,523,4.206500956,0,4.206500956
MANTECA,4081,755,190,24,40,,5090,3.73280943,0.47151277,4.2043222
LOLETA,94,20,4,1,0,,119,3.361344538,0.840336134,4.201680672
LODI,4148,1055,202,29,66,,5500,3.672727273,0.527272727,4.2
PASO ROBLES,2306,518,116,9,39,,2988,3.882195448,0.301204819,4.183400268
SAN ARDO,48,20,3,0,1,,72,4.166666667,0,4.166666667
CAZADERO,37,9,2,0,0,,48,4.166666667,0,4.166666667
COTTONWOOD,552,193,29,4,21,,799,3.629536921,0.500625782,4.130162703
GALT,1499,321,64,16,37,,1937,3.304078472,0.826019618,4.13009809
EUREKA,2232,427,94,22,42,,2817,3.336883209,0.780972666,4.117855875
RIVERBANK,1447,351,67,11,25,,1901,3.52446081,0.57864282,4.10310363
MC FARLAND,1135,211,52,7,46,,1451,3.583735355,0.482425913,4.066161268
HAWTHORNE,6128,1178,286,30,155,,7777,3.677510608,0.385752861,4.063263469
TWIN PEAKS,113,28,6,0,1,,148,4.054054054,0,4.054054054
WHITE WATER,50,20,3,0,1,,74,4.054054054,0,4.054054054
BLYTHE,920,209,45,9,151,,1334,3.373313343,0.674662669,4.047976012
KINGS BEACH,192,109,13,0,9,,323,4.024767802,0,4.024767802
NEEDLES,14,1,1,5,129,,150,0.666666667,3.333333333,4
CRESCENT CITY,986,324,48,7,10,,1375,3.490909091,0.509090909,4
SOMERSET,62,33,4,0,1,,100,4,0,4
RAISIN CITY,58,9,3,0,5,,75,4,0,4
BIG BEAR LAKE,212,51,10,1,2,,276,3.623188406,0.362318841,3.985507246
WILLIAMS,355,147,17,4,4,,527,3.225806452,0.759013283,3.984819734
MCKINLEYVILLE,878,118,35,7,17,,1055,3.317535545,0.663507109,3.981042654
PLACERVILLE,1104,460,59,6,9,,1638,3.601953602,0.366300366,3.968253968
PARLIER,1287,235,64,2,78,,1666,3.841536615,0.120048019,3.961584634
SAN BERNARDINO,18455,3704,681,243,276,,23359,2.915364528,1.040284259,3.955648786
PATTERSON,1500,338,65,12,34,,1949,3.335043612,0.615700359,3.950743971
TRACY,5892,1036,264,23,51,,7266,3.633360859,0.316542802,3.949903661
IDYLLWILD,114,31,3,3,1,,152,1.973684211,1.973684211,3.947368421
CITRUS HEIGHTS,4499,936,179,47,68,,5729,3.12445453,0.820387502,3.944842032
CRESTLINE,398,85,16,4,4,,507,3.15581854,0.788954635,3.944773176
REEDLEY,2087,404,102,6,140,,2739,3.723986857,0.21905805,3.943044907
SANTEE,3053,409,125,17,4,,3608,3.464523282,0.471175166,3.935698448
BERRY CREEK,35,13,1,1,1,,51,1.960784314,1.960784314,3.921568627
ROSAMOND,1032,366,48,9,2,,1457,3.294440631,0.617707618,3.91214825
BIGGS,142,48,8,0,7,,205,3.902439024,0,3.902439024
FREEDOM,502,149,27,0,14,,692,3.901734104,0,3.901734104
TEHACHAPI,1202,257,57,5,72,,1593,3.578154426,0.313873195,3.892027621
CERES,2766,656,119,21,38,,3600,3.305555556,0.583333333,3.888888889
KNIGHTS LANDING,75,22,4,0,2,,103,3.883495146,0,3.883495146
LEMOORE,3052,609,139,12,82,,3894,3.569594248,0.30816641,3.877760657
ARNOLD,108,17,5,0,0,,130,3.846153846,0,3.846153846
SHERIDAN,59,16,3,0,0,,78,3.846153846,0,3.846153846
SAN PABLO,3538,593,155,11,30,,4327,3.582158539,0.254217703,3.836376242
DELHI,868,199,36,7,13,,1123,3.20569902,0.623330365,3.829029386
HOMELAND,348,89,13,5,17,,472,2.754237288,1.059322034,3.813559322
AUBURN,1414,389,61,10,5,,1879,3.246407664,0.532197978,3.778605641
APPLEGATE,42,9,0,2,0,,53,0,3.773584906,3.773584906
PRATHER,48,1,1,1,2,,53,1.886792453,1.886792453,3.773584906
GREENWOOD,41,9,2,0,1,,53,3.773584906,0,3.773584906
SAN PEDRO,4191,818,172,28,99,,5308,3.240391861,0.527505652,3.767897513
CAPISTRANO BEACH,340,44,15,0,1,,400,3.75,0,3.75
VALLEY SPRINGS,419,66,12,7,4,,508,2.362204724,1.377952756,3.74015748
RIO DELL,178,24,7,1,4,,214,3.271028037,0.46728972,3.738317757
RIMFOREST,20,6,0,1,0,,27,0,3.703703704,3.703703704
NORTH SAN JUAN,30,22,1,1,0,,54,1.851851852,1.851851852,3.703703704
HAWAIIAN GARDENS,1032,228,45,4,14,,1323,3.401360544,0.302343159,3.703703704
FORT JONES,74,30,4,0,0,,108,3.703703704,0,3.703703704
LA GRANGE,62,14,3,0,2,,81,3.703703704,0,3.703703704
VALLECITO,22,3,1,0,1,,27,3.703703704,0,3.703703704
TRAVIS AFB,601,100,28,0,28,,757,3.698811096,0,3.698811096
NATIONAL CITY,3982,770,136,46,4,,4938,2.754151478,0.931551235,3.685702714
LE GRAND,109,40,6,0,9,,164,3.658536585,0,3.658536585
SEBASTOPOL,744,123,28,5,4,,904,3.097345133,0.553097345,3.650442478
AROMAS,118,36,6,0,5,,165,3.636363636,0,3.636363636
SACRAMENTO,45616,9283,1684,466,2273,,59322,2.838744479,0.785543306,3.624287785
GARDENA,4691,859,190,22,100,,5862,3.241214603,0.375298533,3.616513135
SAN ANDREAS,135,24,5,1,1,,166,3.012048193,0.602409639,3.614457831
GOSHEN,85,22,3,1,0,,111,2.702702703,0.900900901,3.603603604
CROWS LANDING,89,17,3,1,1,,111,2.702702703,0.900900901,3.603603604
CAMBRIA,160,51,7,1,3,,222,3.153153153,0.45045045,3.603603604
ELVERTA,222,70,8,3,3,,306,2.614379085,0.980392157,3.594771242
MONTARA,79,2,2,1,0,,84,2.380952381,1.19047619,3.571428571
MARTINEZ,1943,289,75,8,15,,2330,3.21888412,0.343347639,3.56223176
FARMERSVILLE,873,210,32,8,1,,1124,2.846975089,0.711743772,3.558718861
ALPINE,713,100,28,2,1,,844,3.317535545,0.236966825,3.55450237
WOODBRIDGE,149,39,7,0,2,,197,3.553299492,0,3.553299492
CROCKETT,121,15,4,1,0,,141,2.836879433,0.709219858,3.546099291
EXETER,805,175,23,13,2,,1018,2.259332024,1.277013752,3.536345776
FORTUNA,754,105,31,1,14,,905,3.425414365,0.110497238,3.535911602
MAGALIA,374,107,16,2,11,,510,3.137254902,0.392156863,3.529411765
OCEANSIDE,13734,3253,556,64,33,,17640,3.151927438,0.362811791,3.514739229
LOMPOC,3070,1000,137,14,80,,4301,3.185305743,0.325505696,3.510811439
WEED,294,35,10,2,1,,342,2.923976608,0.584795322,3.50877193
SPRINGVILLE,106,30,4,1,2,,143,2.797202797,0.699300699,3.496503497
WEST SACRAMENTO,3291,541,124,18,103,,4077,3.041452048,0.441501104,3.482953152
SANTA ROSA,10662,2283,429,39,43,,13456,3.188168847,0.289833532,3.478002378
LAKE ELSINORE,4285,809,154,36,194,,5478,2.81124498,0.657174151,3.468419131
OAKDALE,1562,290,61,6,19,,1938,3.147574819,0.309597523,3.457172343
YREKA,436,117,18,2,6,,579,3.10880829,0.345423143,3.454231434
BODEGA BAY,24,4,1,0,0,,29,3.448275862,0,3.448275862
INDIO,6067,879,203,47,80,,7276,2.789994502,0.645959318,3.435953821
ROHNERT PARK,1943,248,74,4,15,,2284,3.239929947,0.175131349,3.415061296
VISTA,7375,1697,283,37,11,,9403,3.009677762,0.393491439,3.403169201
NEW CUYAMA,49,7,2,0,1,,59,3.389830508,0,3.389830508
PORT HUENEME,1768,376,57,18,2,,2221,2.566411526,0.810445745,3.376857271
MORRO BAY,345,85,11,4,2,,447,2.460850112,0.894854586,3.355704698
INGLEWOOD,8456,1489,312,44,317,,10618,2.93840648,0.414390657,3.352797137
LA PALMA,543,57,19,2,7,,628,3.025477707,0.318471338,3.343949045
GEORGETOWN,87,29,4,0,0,,120,3.333333333,0,3.333333333
HEALDSBURG,725,117,27,2,2,,873,3.092783505,0.229095074,3.32187858
ANZA,148,48,6,1,8,,211,2.843601896,0.473933649,3.317535545
TAHOE CITY,96,20,4,0,1,,121,3.305785124,0,3.305785124
SAN JOSE,57284,10670,2028,304,435,,70721,2.86760651,0.429858175,3.297464685
RICHMOND,5167,752,186,17,39,,6161,3.018990424,0.275929232,3.294919656
ORANGEVALE,1273,222,35,16,8,,1554,2.252252252,1.02960103,3.281853282
JAMUL,252,43,8,2,0,,305,2.62295082,0.655737705,3.278688525
HAYWARD,11000,2205,360,92,142,,13799,2.608884702,0.666714979,3.275599681
DIAMOND SPRINGS,140,67,6,1,0,,214,2.803738318,0.46728972,3.271028037
RAMONA,1607,324,59,6,0,,1996,2.955911824,0.300601202,3.256513026
COTATI,431,43,14,2,2,,492,2.845528455,0.406504065,3.25203252
EMERYVILLE,1614,154,45,15,20,,1848,2.435064935,0.811688312,3.246753247
GUERNEVILLE,132,17,5,0,0,,154,3.246753247,0,3.246753247
OAK VIEW,279,49,10,1,1,,340,2.941176471,0.294117647,3.235294118
WILTON,243,22,7,2,5,,279,2.508960573,0.716845878,3.225806452
COLUMBIA,48,12,2,0,0,,62,3.225806452,0,3.225806452
BROOKDALE,27,2,1,0,1,,31,3.225806452,0,3.225806452
OAKLEY,2202,298,78,6,25,,2609,2.989651207,0.22997317,3.219624377
AZUSA,3834,539,138,13,170,,4694,2.939923306,0.276949297,3.216872603
CALIMESA,274,58,9,2,0,,343,2.623906706,0.583090379,3.206997085
LOCKEFORD,149,31,6,0,2,,188,3.191489362,0,3.191489362
PENN VALLEY,264,69,9,2,3,,347,2.593659942,0.576368876,3.170028818
COLTON,4094,834,136,26,38,,5128,2.652106084,0.507020281,3.159126365
CLOVERDALE,563,82,17,4,0,,666,2.552552553,0.600600601,3.153153153
LINDEN,192,50,7,1,4,,254,2.755905512,0.393700787,3.149606299
RIALTO,7004,1210,219,50,66,,8549,2.561703123,0.584863727,3.14656685
GILROY,3575,796,128,15,40,,4554,2.810715854,0.329380764,3.140096618
COMPTON,11368,1596,377,54,355,,13750,2.741818182,0.392727273,3.134545455
SUNSET BEACH,28,2,1,0,1,,32,3.125,0,3.125
Grand Total,2105309,342500,68254,12399,53564,,2582026,2.643428068,0.480204305,3.123632372
ANTELOPE,2601,594,84,20,33,,3332,2.521008403,0.600240096,3.121248499
RODEO,389,72,14,1,5,,481,2.910602911,0.207900208,3.118503119
BEAUMONT,2863,505,96,12,14,,3490,2.750716332,0.343839542,3.094555874
PINOLE,769,101,27,1,8,,906,2.98013245,0.110375276,3.090507726
SALIDA,815,148,26,5,10,,1004,2.589641434,0.498007968,3.087649402
LATON,231,45,9,0,7,,292,3.082191781,0,3.082191781
HUNTINGTON PARK,5504,719,190,16,259,,6688,2.840909091,0.23923445,3.080143541
OCEANO,425,107,14,3,3,,552,2.536231884,0.543478261,3.079710145
LOMITA,1073,173,32,8,17,,1303,2.455871067,0.613967767,3.069838833
IMPERIAL BEACH,1994,311,49,24,3,,2381,2.057958841,1.00797984,3.065938681
BLOOMINGTON,2199,403,62,21,24,,2709,2.288667405,0.775193798,3.063861203
LOS ANGELES,143571,20559,4976,513,10057,,179676,2.769429417,0.285513925,3.054943342
UPPER LAKE,87,39,4,0,1,,131,3.053435115,0,3.053435115
SAN FERNANDO,2445,329,76,12,27,,2889,2.630668051,0.41536864,3.046036691
SHINGLE SPRINGS,1046,223,35,5,5,,1314,2.663622527,0.380517504,3.04414003
FORESTHILL,178,44,6,1,1,,230,2.608695652,0.434782609,3.043478261
BISHOP,633,124,21,3,8,,789,2.661596958,0.380228137,3.041825095
MENDOCINO,50,13,1,1,1,,66,1.515151515,1.515151515,3.03030303
ANGELS CAMP,179,44,6,1,1,,231,2.597402597,0.432900433,3.03030303
CAYUCOS,81,15,3,0,0,,99,3.03030303,0,3.03030303
OLYMPIC VALLEY,28,4,1,0,0,,33,3.03030303,0,3.03030303
JUNE LAKE,28,4,1,0,0,,33,3.03030303,0,3.03030303
YUCAIPA,2636,461,77,20,11,,3205,2.4024961,0.624024961,3.026521061
EL SOBRANTE,1078,130,37,1,10,,1256,2.945859873,0.079617834,3.025477707
HACIENDA HEIGHTS,2796,326,98,5,183,,3408,2.875586854,0.146713615,3.022300469
WALNUT,1461,163,49,4,83,,1760,2.784090909,0.227272727,3.011363636
PENNGROVE,120,9,4,0,0,,133,3.007518797,0,3.007518797
THORNTON,66,29,3,0,2,,100,3,0,3
MARINA,1141,247,37,7,37,,1469,2.518720218,0.476514636,2.995234854
FIREBAUGH,783,90,20,8,34,,935,2.139037433,0.855614973,2.994652406
WALNUT GROVE,116,42,4,1,4,,167,2.395209581,0.598802395,2.994011976
WHEATLAND,234,58,7,2,1,,302,2.317880795,0.662251656,2.98013245
BENICIA,993,108,32,2,9,,1144,2.797202797,0.174825175,2.972027972
SAN MARCOS,5667,943,166,36,4,,6816,2.435446009,0.528169014,2.963615023
NORWALK,6555,883,199,32,153,,7822,2.544106367,0.409102531,2.953208898
BELLFLOWER,4759,726,151,21,168,,5825,2.592274678,0.360515021,2.9527897
PACOIMA,7557,995,238,22,64,,8876,2.681388013,0.247859396,2.929247409
TURLOCK,4837,884,135,39,46,,5941,2.272344723,0.656455142,2.928799865
RANCHO CORDOVA,4121,672,123,26,146,,5088,2.41745283,0.511006289,2.928459119
LAKE ARROWHEAD,239,56,9,0,4,,308,2.922077922,0,2.922077922
WOODLAKE,699,164,20,6,1,,890,2.247191011,0.674157303,2.921348315
SUTTER CREEK,153,15,3,2,0,,173,1.734104046,1.156069364,2.89017341
SIGNAL HILL,685,85,22,2,41,,835,2.634730539,0.239520958,2.874251497
COLFAX,255,79,8,2,4,,348,2.298850575,0.574712644,2.873563218
PIXLEY,545,96,12,7,4,,664,1.807228916,1.054216867,2.861445783
YOSEMITE NATIONAL PARK,29,5,0,1,0,,35,0,2.857142857,2.857142857
FORESTVILLE,178,26,4,2,0,,210,1.904761905,0.952380952,2.857142857
FIVE POINTS,82,15,3,0,5,,105,2.857142857,0,2.857142857
BRIDGEVILLE,26,7,1,0,1,,35,2.857142857,0,2.857142857
WINDSOR,1451,221,45,4,4,,1725,2.608695652,0.231884058,2.84057971
LONG BEACH,28492,4225,848,156,1691,,35412,2.394668474,0.440528634,2.835197108
WILDOMAR,1556,276,46,9,55,,1942,2.36869207,0.463439753,2.832131823
NEWCASTLE,171,35,5,1,0,,212,2.358490566,0.471698113,2.830188679
SYLMAR,5805,813,163,31,79,,6891,2.36540415,0.449862139,2.815266289
BONITA,799,100,20,6,2,,927,2.157497303,0.647249191,2.804746494
ATASCADERO,1414,266,42,7,20,,1749,2.401372213,0.400228702,2.801600915
NORCO,971,130,23,9,11,,1144,2.01048951,0.786713287,2.797202797
MONTEREY PARK,2825,322,97,4,363,,3611,2.6862365,0.110772639,2.797009139
POINT REYES STATION,63,4,2,0,3,,72,2.777777778,0,2.777777778
MONTE RIO,26,9,1,0,0,,36,2.777777778,0,2.777777778
FAIR OAKS,1456,254,42,7,18,,1777,2.363534046,0.393922341,2.757456387
SOLVANG,245,73,9,0,0,,327,2.752293578,0,2.752293578
RIPON,760,114,23,2,12,,911,2.524698134,0.219538968,2.744237102
FALL RIVER MILLS,59,6,2,0,6,,73,2.739726027,0,2.739726027
AUBERRY,151,18,3,2,9,,183,1.639344262,1.092896175,2.732240437
SAN DIEGO,75778,9905,1982,420,87,,88172,2.247879145,0.476341696,2.724220841
FRAZIER PARK,214,32,5,2,4,,257,1.945525292,0.778210117,2.723735409
GRANITE BAY,514,53,14,2,5,,588,2.380952381,0.340136054,2.721088435
DAVIS,2218,313,68,3,14,,2616,2.599388379,0.114678899,2.714067278
AMERICAN CANYON,1017,159,28,5,9,,1218,2.298850575,0.410509031,2.709359606
SOUTH EL MONTE,3149,433,83,22,197,,3884,2.136972194,0.566426365,2.703398558
TEMECULA,5657,817,164,22,221,,6881,2.38337451,0.319720971,2.70309548
YOUNTVILLE,63,9,1,1,0,,74,1.351351351,1.351351351,2.702702703
BONSALL,175,41,5,1,0,,222,2.252252252,0.45045045,2.702702703
SANTA FE SPRINGS,738,107,21,3,19,,888,2.364864865,0.337837838,2.702702703
MURPHYS,87,20,3,0,1,,111,2.702702703,0,2.702702703
DAGGETT,26,9,1,0,1,,37,2.702702703,0,2.702702703
CHULA VISTA,17228,2344,433,110,12,,20127,2.151338997,0.546529537,2.697868535
PANORAMA CITY,5347,583,150,15,33,,6128,2.447780679,0.244778068,2.692558747
OAKLAND,23850,2508,459,275,439,,27531,1.667211507,0.998873997,2.666085504
SAN LEANDRO,5841,798,135,49,82,,6905,1.955104996,0.709630702,2.664735699
PARAMOUNT,4019,571,113,16,123,,4842,2.333746386,0.330441966,2.664188352
LOS OSOS,545,107,16,2,6,,676,2.366863905,0.295857988,2.662721893
WRIGHTWOOD,157,25,4,1,1,,188,2.127659574,0.531914894,2.659574468
COOL,125,21,4,0,1,,151,2.649006623,0,2.649006623
EL MONTE,6183,886,170,32,371,,7642,2.224548548,0.41873855,2.643287098
WALNUT CREEK,3171,282,87,7,17,,3564,2.441077441,0.19640853,2.637485971
NAPA,4650,742,124,22,31,,5569,2.2266116,0.395043994,2.621655593
SAN JUAN CAPISTRANO,1845,271,57,0,6,,2179,2.615878844,0,2.615878844
LAKE HUGHES,99,12,3,0,1,,115,2.608695652,0,2.608695652
SOUTH GATE,6821,790,193,15,173,,7992,2.414914915,0.187687688,2.602602603
COULTERVILLE,58,16,2,0,1,,77,2.597402597,0,2.597402597
TORRANCE,8058,1158,219,27,101,,9563,2.290076336,0.282338178,2.572414514
SAN BRUNO,2248,318,54,14,11,,2645,2.041587902,0.529300567,2.570888469
TEMPLETON,334,78,10,1,5,,428,2.336448598,0.23364486,2.570093458
MENTONE,473,92,12,3,4,,584,2.054794521,0.51369863,2.568493151
FONTANA,15945,2384,414,73,190,,19006,2.178259497,0.384089235,2.562348732
PARADISE,882,279,27,4,20,,1212,2.227722772,0.330033003,2.557755776
LA HABRA,3970,469,94,23,57,,4613,2.037719488,0.498590939,2.536310427
SEASIDE,2579,550,75,8,77,,3289,2.280328367,0.243235026,2.523563393
BELL,7603,977,208,22,314,,9124,2.279701885,0.241122315,2.5208242
LYNWOOD,5898,624,150,21,94,,6787,2.210107559,0.309415058,2.519522617
ARTESIA,805,107,17,7,19,,955,1.780104712,0.732984293,2.513089005
BRENTWOOD,2701,330,75,4,35,,3145,2.384737679,0.12718601,2.511923688
OJAI,673,108,18,2,3,,804,2.23880597,0.248756219,2.487562189
IVANHOE,352,79,11,0,3,,445,2.471910112,0,2.471910112
MORAGA,340,17,9,0,2,,368,2.445652174,0,2.445652174
PINE GROVE,137,21,3,1,2,,164,1.829268293,0.609756098,2.43902439
PLYMOUTH,104,14,3,0,2,,123,2.43902439,0,2.43902439
POPE VALLEY,34,4,1,0,2,,41,2.43902439,0,2.43902439
MILLVILLE,26,12,1,0,2,,41,2.43902439,0,2.43902439
NEVADA CITY,509,129,15,1,4,,658,2.279635258,0.151975684,2.431610942
UNION CITY,4038,478,93,20,23,,4652,1.999140155,0.429922614,2.429062769
EL GRANADA,150,11,4,0,0,,165,2.424242424,0,2.424242424
HIGHLAND,3218,538,74,20,28,,3878,1.908200103,0.515729758,2.423929861
CYPRESS,1885,207,45,8,43,,2188,2.056672761,0.365630713,2.422303473
RIVERSIDE,26093,3487,577,164,271,,30592,1.886114017,0.536087866,2.422201883
BOULDER CREEK,345,42,5,5,16,,413,1.210653753,1.210653753,2.421307506
MILPITAS,3971,542,98,14,23,,4648,2.108433735,0.301204819,2.409638554
EL DORADO,125,36,4,0,1,,166,2.409638554,0,2.409638554
BUENA PARK,4528,601,108,20,69,,5326,2.027788209,0.375516335,2.403304544
VENTURA,5505,821,127,28,3,,6484,1.958667489,0.431832202,2.390499692
ACTON,203,39,4,2,3,,251,1.593625498,0.796812749,2.390438247
MURRIETA,6120,926,160,18,245,,7469,2.142187709,0.240996117,2.383183826
WESTMINSTER,4427,601,109,15,52,,5204,2.094542659,0.288239816,2.382782475
AGUANGA,89,29,2,1,5,,126,1.587301587,0.793650794,2.380952381
DURHAM,133,28,4,0,3,,168,2.380952381,0,2.380952381
ALTA,29,12,1,0,0,,42,2.380952381,0,2.380952381
SAN LORENZO,1434,193,32,8,16,,1683,1.901366607,0.475341652,2.376708259
CARDIFF BY THE SEA,555,62,14,1,1,,633,2.211690363,0.157977883,2.369668246
DENAIR,391,60,11,0,3,,465,2.365591398,0,2.365591398
DUARTE,1487,208,34,8,39,,1776,1.914414414,0.45045045,2.364864865
MORENO VALLEY,13193,1648,297,72,394,,15604,1.903358113,0.461420149,2.364778262
MONTAGUE,170,35,5,0,2,,212,2.358490566,0,2.358490566
BYRON,70,13,2,0,0,,85,2.352941176,0,2.352941176
SUN VALLEY,3258,406,77,12,34,,3787,2.033271719,0.316873515,2.350145234
OAKHURST,325,31,9,0,18,,383,2.349869452,0,2.349869452
REDLANDS,3771,613,81,25,21,,4511,1.795610729,0.554200842,2.349811572
BUELLTON,246,45,7,0,0,,298,2.348993289,0,2.348993289
CHICO,4311,1147,115,18,80,,5671,2.027861047,0.317404338,2.345265385
GRAND TERRACE,607,98,12,5,3,,725,1.655172414,0.689655172,2.344827586
MAYWOOD,2107,230,45,13,82,,2477,1.816713767,0.524828421,2.341542188
MONROVIA,2256,273,54,8,61,,2652,2.036199095,0.301659125,2.33785822
GRANADA HILLS,2225,182,51,7,23,,2488,2.049839228,0.281350482,2.331189711
DALY CITY,4958,716,111,25,27,,5837,1.901661813,0.42830221,2.329964023
KENWOOD,36,6,1,0,0,,43,2.325581395,0,2.325581395
LAKE FOREST,3262,337,71,15,16,,3701,1.918400432,0.405295866,2.323696298
FILLMORE,1292,180,32,3,0,,1507,2.123424021,0.199071002,2.322495023
MIRA LOMA,1942,273,40,13,22,,2290,1.746724891,0.56768559,2.31441048
MENIFEE,2351,353,59,7,83,,2853,2.067998598,0.245355766,2.313354364
POTTER VALLEY,96,31,3,0,0,,130,2.307692308,0,2.307692308
POWAY,1900,257,44,7,3,,2211,1.990049751,0.316598824,2.306648575
TWAIN HARTE,140,28,4,0,2,,174,2.298850575,0,2.298850575
ANAHEIM,24516,3033,560,92,303,,28504,1.964636542,0.322761718,2.28739826
GARDEN GROVE,10206,1349,235,38,120,,11948,1.966856378,0.318044861,2.284901239
CASTRO VALLEY,2372,291,46,17,52,,2778,1.655867531,0.611951044,2.267818575
HOLLISTER,2973,413,73,6,29,,3494,2.089295936,0.171722954,2.26101889
MIDDLETOWN,94,34,2,1,2,,133,1.503759398,0.751879699,2.255639098
IONE,354,36,9,0,0,,399,2.255639098,0,2.255639098
RIVERDALE,489,58,12,1,17,,577,2.079722704,0.173310225,2.253032929
LAGUNA HILLS,1378,136,34,1,6,,1555,2.186495177,0.064308682,2.250803859
DESERT HOT SPRINGS,2811,498,69,8,40,,3426,2.014010508,0.233508465,2.247518973
MATHER,309,34,7,1,5,,356,1.966292135,0.280898876,2.247191011
PETALUMA,3240,344,82,2,77,,3745,2.189586115,0.053404539,2.242990654
PERRIS,8050,1098,164,51,281,,9644,1.700539195,0.528826213,2.229365409
CEDARPINES PARK,34,10,1,0,0,,45,2.222222222,0,2.222222222
LA QUINTA,1429,170,32,5,30,,1666,1.920768307,0.300120048,2.220888355
HUGHSON,529,81,11,3,7,,631,1.743264659,0.475435816,2.218700475
GROVER BEACH,682,148,18,1,8,,857,2.100350058,0.116686114,2.217036173
WHITTIER,10730,1431,244,39,332,,12776,1.909830933,0.305259862,2.215090795
DOWNEY,6547,728,143,25,161,,7604,1.880589164,0.328774329,2.209363493
SAN FRANCISCO,38759,4463,832,149,258,,44461,1.87130294,0.335125166,2.206428106
GRASS VALLEY,1320,401,37,2,9,,1769,2.091577162,0.113058225,2.204635387
CORONA,14800,1769,303,73,179,,17124,1.769446391,0.426302266,2.195748657
PALM DESERT,1594,210,35,6,25,,1870,1.871657754,0.320855615,2.192513369
RANCHO PALOS VERDES,1044,89,23,3,28,,1187,1.937657961,0.252737995,2.190395956
FOWLER,514,37,10,3,31,,595,1.680672269,0.504201681,2.18487395
ONTARIO,11985,1581,245,65,352,,14228,1.721956705,0.456845656,2.178802362
MILLBRAE,844,94,19,2,5,,964,1.970954357,0.20746888,2.178423237
PENRYN,79,11,2,0,0,,92,2.173913043,0,2.173913043
SUMMERLAND,42,3,1,0,0,,46,2.173913043,0,2.173913043
CARNELIAN BAY,40,5,1,0,0,,46,2.173913043,0,2.173913043
FORT IRWIN,1485,128,23,14,53,,1703,1.350557839,0.822078685,2.172636524
PIRU,157,24,3,1,1,,186,1.612903226,0.537634409,2.150537634
SOLANA BEACH,581,58,12,2,0,,653,1.837672282,0.306278714,2.143950995
PICO RIVERA,3748,473,83,12,131,,4447,1.866426805,0.269844839,2.136271644
SUN CITY,2607,383,58,9,87,,3144,1.844783715,0.286259542,2.131043257
KERNVILLE,40,3,1,0,3,,47,2.127659574,0,2.127659574
SONORA,991,201,21,5,10,,1228,1.71009772,0.407166124,2.117263844
MOORPARK,1979,254,47,1,5,,2286,2.055993001,0.043744532,2.099737533
NEWHALL,2029,268,45,5,44,,2391,1.882057716,0.209117524,2.09117524
MAXWELL,70,24,2,0,0,,96,2.083333333,0,2.083333333
BRADLEY,35,11,1,0,1,,48,2.083333333,0,2.083333333
WINCHESTER,1443,215,30,6,47,,1741,1.723147616,0.344629523,2.06777714
POMONA,11391,1398,212,65,468,,13534,1.566425299,0.480271908,2.046697207
NORTHRIDGE,2870,221,54,11,29,,3185,1.69544741,0.345368917,2.040816327
GRENADA,39,9,1,0,0,,49,2.040816327,0,2.040816327
STEVENSON RANCH,835,71,16,3,11,,936,1.709401709,0.320512821,2.02991453
LOS ALAMITOS,763,78,17,1,29,,888,1.914414414,0.112612613,2.027027027
SOMIS,135,10,3,0,0,,148,2.027027027,0,2.027027027
HERCULES,1207,133,26,2,14,,1382,1.881331404,0.1447178,2.026049204
ROSEMEAD,3230,392,79,4,394,,4099,1.927299341,0.097584777,2.024884118
TEMPLE CITY,1428,146,30,4,75,,1683,1.782531194,0.237670826,2.02020202
STANTON,2082,275,42,7,20,,2426,1.731244847,0.288540808,2.019785655
WINTERS,433,101,9,2,1,,546,1.648351648,0.366300366,2.014652015
ARCADIA,2868,279,66,3,209,,3425,1.927007299,0.087591241,2.01459854
SAN JUAN BAUTISTA,174,21,3,1,0,,199,1.507537688,0.502512563,2.010050251
CARPINTERIA,825,145,19,1,5,,995,1.909547739,0.100502513,2.010050251
SELMA,2228,281,40,14,130,,2693,1.485332343,0.51986632,2.005198663
NORTH PALM SPRINGS,40,8,1,0,1,,50,2,0,2
MONTCLAIR,2598,287,44,16,88,,3033,1.450708869,0.527530498,1.978239367
LOOMIS,394,50,7,2,2,,455,1.538461538,0.43956044,1.978021978
CERRITOS,1535,144,34,1,57,,1771,1.919819311,0.056465274,1.976284585
NORTH HOLLYWOOD,9191,979,180,28,160,,10538,1.708104005,0.265705067,1.973809072
MOUNT SHASTA,228,20,4,1,2,,255,1.568627451,0.392156863,1.960784314
SONOMA,1506,191,31,3,5,,1736,1.785714286,0.17281106,1.958525346
SANTA ANA,27960,3617,552,84,312,,32525,1.697156034,0.258262875,1.955418909
VISALIA,9819,1863,207,27,67,,11983,1.727447217,0.225319202,1.952766419
SQUAW VALLEY,148,44,2,2,9,,205,0.975609756,0.975609756,1.951219512
SOUTH SAN FRANCISCO,3402,495,72,6,23,,3998,1.80090045,0.150075038,1.950975488
SANTA CLARA,8617,974,175,16,58,,9840,1.778455285,0.162601626,1.941056911
MISSION HILLS,1000,109,17,5,5,,1136,1.496478873,0.440140845,1.936619718
NIPOMO,903,241,16,7,21,,1188,1.346801347,0.589225589,1.936026936
MIDWAY CITY,484,72,9,2,2,,569,1.58172232,0.351493849,1.933216169
MORGAN HILL,2307,363,50,3,19,,2742,1.823486506,0.10940919,1.932895697
DIAMOND BAR,2001,162,41,3,71,,2278,1.799824407,0.131694469,1.931518876
FERNDALE,92,9,2,0,1,,104,1.923076923,0,1.923076923
BIG BEAR CITY,476,85,7,4,3,,575,1.217391304,0.695652174,1.913043478
BIOLA,137,14,2,1,3,,157,1.27388535,0.636942675,1.910828025
LAKEWOOD,4081,415,78,13,178,,4765,1.636935992,0.272822665,1.909758657
LAGUNA NIGUEL,2736,199,51,6,13,,3005,1.697171381,0.199667221,1.896838602
WEST POINT,38,14,1,0,0,,53,1.886792453,0,1.886792453
ELK GROVE,8921,1006,170,25,235,,10357,1.64140195,0.24138264,1.88278459
FULLERTON,7204,747,115,38,61,,8165,1.408450704,0.465401102,1.873851806
TULARE,5544,621,89,29,16,,6299,1.412922686,0.460390538,1.873313224
NEWARK,2620,303,46,10,16,,2995,1.535893155,0.333889816,1.869782972
BIG PINE,83,22,2,0,0,,107,1.869158879,0,1.869158879
ROSEVILLE,6848,831,112,35,39,,7865,1.424030515,0.445009536,1.869040051
NORTH HILLS,4164,441,77,11,46,,4739,1.624815362,0.23211648,1.856931842
CANYON COUNTRY,4295,525,79,13,53,,4965,1.591137966,0.26183283,1.852970796
RUNNING SPRINGS,214,48,4,1,3,,270,1.481481481,0.37037037,1.851851852
COVINA,4291,487,74,18,110,,4980,1.485943775,0.361445783,1.847389558
NUEVO,501,65,10,1,20,,597,1.675041876,0.167504188,1.842546064
PALM SPRINGS,1474,261,30,3,31,,1799,1.667593107,0.166759311,1.834352418
PORTER RANCH,1302,68,25,1,23,,1419,1.761804087,0.070472163,1.832276251
BLUE JAY,38,16,1,0,0,,55,1.818181818,0,1.818181818
ARROYO GRANDE,994,187,21,1,8,,1211,1.734104046,0.082576383,1.816680429
GLENDORA,2048,184,36,6,39,,2313,1.556420233,0.259403372,1.815823606
SAN CLEMENTE,4272,377,80,6,7,,4742,1.687051877,0.126528891,1.813580768
PINON HILLS,229,45,4,1,0,,279,1.433691756,0.358422939,1.792114695
LA PUENTE,8339,974,141,32,201,,9687,1.455558997,0.33033963,1.785898627
AVALON,174,24,3,1,25,,227,1.321585903,0.440528634,1.762114537
DISCOVERY BAY,605,60,11,1,4,,681,1.615271659,0.146842878,1.762114537
GRIZZLY FLATS,38,17,1,0,1,,57,1.754385965,0,1.754385965
PACIFIC GROVE,534,77,11,0,9,,631,1.743264659,0,1.743264659
ALTADENA,1666,216,30,5,92,,2009,1.493280239,0.24888004,1.742160279
MONTEBELLO,3549,428,67,7,198,,4249,1.57684161,0.164744646,1.741586256
LINCOLN,2872,399,50,8,4,,3333,1.500150015,0.240024002,1.740174017
RESEDA,4413,391,66,19,40,,4929,1.339013999,0.385473727,1.724487726
BALDWIN PARK,5562,577,88,22,149,,6398,1.375429822,0.343857455,1.719287277
SANTA PAULA,2326,258,37,8,3,,2632,1.405775076,0.303951368,1.709726444
COARSEGOLD,403,31,6,2,26,,468,1.282051282,0.427350427,1.709401709
ATHERTON,221,8,3,1,1,,234,1.282051282,0.427350427,1.709401709
SANTA BARBARA,5688,1163,102,17,24,,6994,1.458392908,0.243065485,1.701458393
SAN GABRIEL,3153,375,63,2,236,,3829,1.645338208,0.052232959,1.697571167
LA HONDA,55,2,1,0,1,,59,1.694915254,0,1.694915254
FRESNO,42881,4408,534,339,3435,,51597,1.034943892,0.657014943,1.691958835
LOMA LINDA,1277,179,21,4,5,,1486,1.413189771,0.269179004,1.682368775
GLENDALE,7769,801,134,15,146,,8865,1.511562324,0.169204738,1.680767061
LA MIRADA,2175,214,38,3,29,,2459,1.545343636,0.122000813,1.667344449
DUNSMUIR,100,16,0,2,2,,120,0,1.666666667,1.666666667
ALVISO,101,16,2,0,1,,120,1.666666667,0,1.666666667
CASTAIC,1130,115,20,1,12,,1278,1.564945227,0.078247261,1.643192488
MI WUK VILLAGE,49,10,0,1,1,,61,0,1.639344262,1.639344262
SIMI VALLEY,6344,664,108,9,15,,7140,1.512605042,0.12605042,1.638655462
UPLAND,4076,466,57,20,96,,4715,1.208907741,0.424178155,1.633085896
MISSION VIEJO,3926,341,66,5,12,,4350,1.517241379,0.114942529,1.632183908
SAN DIMAS,1274,142,22,2,33,,1473,1.493550577,0.135777325,1.629327902
WEST COVINA,5847,607,91,19,189,,6753,1.347549237,0.281356434,1.628905672
GOLETA,1668,332,26,7,5,,2038,1.27576055,0.343473994,1.619234544
LIVERMORE,4519,527,77,7,72,,5202,1.480199923,0.134563629,1.614763552
CULVER CITY,2301,169,39,4,153,,2666,1.462865716,0.150037509,1.612903226
ROCKLIN,2697,297,43,6,10,,3053,1.408450704,0.196528005,1.604978709
SAINT HELENA,314,36,6,0,20,,376,1.595744681,0,1.595744681
PASADENA,9052,921,141,27,397,,10538,1.338014804,0.256215601,1.594230404
CANOGA PARK,4810,349,68,16,36,,5279,1.288122751,0.303087706,1.591210457
VENICE,1357,101,22,3,90,,1573,1.398601399,0.190718373,1.589319771
WINNETKA,2823,250,41,9,26,,3149,1.302000635,0.285805017,1.587805653
CARMEL BY THE SEA,51,11,1,0,0,,63,1.587301587,0,1.587301587
LAFAYETTE,934,51,16,0,8,,1009,1.585728444,0,1.585728444
PISMO BEACH,217,30,3,1,2,,253,1.185770751,0.395256917,1.581027668
THOUSAND OAKS,3075,340,53,2,12,,3482,1.522113728,0.057438254,1.579551982
SAN MATEO,8329,936,133,16,23,,9437,1.409346191,0.169545406,1.578891597
PLEASANTON,2959,311,51,2,35,,3358,1.518761167,0.059559261,1.578320429
SAN LUIS OBISPO,1417,269,26,1,10,,1723,1.508995937,0.058038305,1.567034243
SUNLAND,833,94,11,4,16,,958,1.14822547,0.417536534,1.565762004
EL CERRITO,1222,90,18,3,10,,1343,1.340282949,0.223380491,1.56366344
ALAMEDA,3746,274,48,16,28,,4112,1.167315175,0.389105058,1.556420233
CHINO,4832,452,70,15,112,,5481,1.277139208,0.273672687,1.550811896
SAN JOAQUIN,448,35,4,4,25,,516,0.775193798,0.775193798,1.550387597
VAN NUYS,11427,1024,176,23,193,,12843,1.370396325,0.179085883,1.549482208
TIPTON,342,41,6,0,1,,390,1.538461538,0,1.538461538
ORANGE,8632,764,125,23,123,,9667,1.29305886,0.23792283,1.53098169
MARINA DEL REY,1147,64,19,1,76,,1307,1.453710788,0.076511094,1.530221882
GLEN ELLEN,112,17,2,0,0,,131,1.526717557,0,1.526717557
CATHEDRAL CITY,3005,434,48,6,54,,3547,1.353256273,0.169157034,1.522413307
SANTA CRUZ,3722,388,50,15,100,,4275,1.169590643,0.350877193,1.520467836
SCOTTS VALLEY,533,38,6,3,13,,593,1.011804384,0.505902192,1.517706577
BEALE AFB,263,63,5,0,0,,331,1.510574018,0,1.510574018
ALBANY,1288,80,18,3,2,,1391,1.29403307,0.215672178,1.509705248
CARMEL,177,16,2,1,3,,199,1.005025126,0.502512563,1.507537688
ANGWIN,111,17,2,0,3,,133,1.503759398,0,1.503759398
MONTROSE,368,27,6,0,0,,401,1.496259352,0,1.496259352
CALISTOGA,328,52,6,0,17,,403,1.488833747,0,1.488833747
BERKELEY,4104,325,53,14,17,,4513,1.17438511,0.310214935,1.484600044
ALHAMBRA,4018,460,67,4,250,,4799,1.396124193,0.083350698,1.479474891
RANCHO SANTA FE,194,8,3,0,0,,205,1.463414634,0,1.463414634
SOUTH LAKE TAHOE,1473,209,21,4,17,,1724,1.218097448,0.232018561,1.450116009
DEL REY,176,22,2,1,6,,207,0.966183575,0.483091787,1.449275362
HYDESVILLE,56,12,1,0,0,,69,1.449275362,0,1.449275362
MONTEREY,1657,235,25,3,25,,1945,1.285347044,0.154241645,1.439588689
SUGARLOAF,116,20,1,1,1,,139,0.71942446,0.71942446,1.438848921
CARMEL VALLEY,169,33,3,0,5,,210,1.428571429,0,1.428571429
JANESVILLE,103,21,2,0,14,,140,1.428571429,0,1.428571429
FOUNTAIN VALLEY,2119,213,33,1,23,,2389,1.381331101,0.041858518,1.423189619
RANCHO CUCAMONGA,8782,868,114,27,126,,9917,1.149541192,0.272259756,1.421800948
EDWARDS,413,72,6,1,2,,494,1.214574899,0.20242915,1.417004049
HIDDEN VALLEY LAKE,244,35,4,0,1,,284,1.408450704,0,1.408450704
TRABUCO CANYON,1058,61,14,2,5,,1140,1.228070175,0.175438596,1.403508772
DUBLIN,3107,275,46,2,22,,3452,1.332560834,0.057937428,1.390498262
THOUSAND PALMS,368,52,5,1,6,,432,1.157407407,0.231481481,1.388888889
FOLSOM,3368,290,42,10,36,,3746,1.121195942,0.266951415,1.388147357
DANVILLE,1919,74,26,2,14,,2035,1.277641278,0.098280098,1.375921376
TUJUNGA,1271,145,19,1,19,,1455,1.305841924,0.068728522,1.374570447
TOLLHOUSE,121,14,0,2,9,,146,0,1.369863014,1.369863014
BAKER,58,13,1,0,1,,73,1.369863014,0,1.369863014
VALENCIA,2978,235,40,5,33,,3291,1.215436038,0.151929505,1.367365542
DANA POINT,1107,117,16,1,5,,1246,1.284109149,0.080256822,1.364365971
HUNTINGTON BEACH,8821,712,114,18,91,,9756,1.168511685,0.184501845,1.35301353
SILVERADO,72,1,1,0,0,,74,1.351351351,0,1.351351351
FREMONT,13422,1100,167,32,49,,14770,1.130670278,0.216655383,1.34732566
SUNNYVALE,10669,1007,142,18,65,,11901,1.193177044,0.151247794,1.344424838
PINE VALLEY,67,7,0,1,0,,75,0,1.333333333,1.333333333
AHWAHNEE,63,6,0,1,5,,75,0,1.333333333,1.333333333
WOODLAND HILLS,3092,151,45,0,87,,3375,1.333333333,0,1.333333333
JAMESTOWN,233,62,3,1,2,,301,0.996677741,0.332225914,1.328903654
THREE RIVERS,60,14,0,1,1,,76,0,1.315789474,1.315789474
SANGER,2500,187,25,12,108,,2832,0.882768362,0.423728814,1.306497175
PACIFICA,1716,163,23,2,10,,1914,1.201671891,0.104493208,1.306165099
JACKSON,271,32,3,1,0,,307,0.977198697,0.325732899,1.302931596
YORBA LINDA,2794,153,35,4,22,,3008,1.16356383,0.132978723,1.296542553
REDONDO BEACH,4486,351,54,11,117,,5019,1.075911536,0.219167165,1.295078701
COSTA MESA,7126,618,90,10,37,,7881,1.141987057,0.126887451,1.268874508
VALLEY VILLAGE,1432,120,18,3,89,,1662,1.083032491,0.180505415,1.263537906
PLACENTIA,2951,258,30,11,29,,3279,0.914913083,0.335468131,1.250381214
KINGSBURG,948,107,8,6,57,,1126,0.710479574,0.53285968,1.243339254
CALABASAS,821,23,10,1,31,,886,1.128668172,0.112866817,1.241534989
CHINO HILLS,3521,295,42,7,100,,3965,1.0592686,0.176544767,1.235813367
WELDON,60,16,1,0,4,,81,1.234567901,0,1.234567901
CLAYTON,378,23,4,1,2,,408,0.980392157,0.245098039,1.225490196
PIONEER,135,25,2,0,2,,164,1.219512195,0,1.219512195
SCOTIA,71,10,1,0,0,,82,1.219512195,0,1.219512195
HALF MOON BAY,886,84,10,2,4,,986,1.014198783,0.202839757,1.21703854
ORINDA,550,14,6,1,6,,577,1.039861352,0.173310225,1.213171577
HILMAR,348,57,5,0,3,,413,1.210653753,0,1.210653753
PLAYA DEL REY,594,29,8,0,31,,662,1.208459215,0,1.208459215
CARLSBAD,5084,554,54,15,4,,5711,0.945543688,0.262651024,1.208194712
MENDOTA,1393,138,9,10,24,,1574,0.571791614,0.635324015,1.207115629
HAMILTON CITY,170,74,2,1,3,,250,0.8,0.4,1.2
RANCHO SANTA MARGARITA,2637,167,32,2,3,,2841,1.126363956,0.070397747,1.196761704
PALO ALTO,5753,363,61,13,23,,6213,0.981812329,0.209238693,1.191051022
TUSTIN,5545,465,64,9,50,,6133,1.043534975,0.146747106,1.190282081
FOOTHILL RANCH,650,20,8,0,2,,680,1.176470588,0,1.176470588
NOVATO,2671,173,31,3,16,,2894,1.071181755,0.103662751,1.174844506
LA JOLLA,1641,128,21,0,6,,1796,1.169265033,0,1.169265033
CHATSWORTH,1483,105,15,4,26,,1633,0.918554807,0.244947949,1.163502756
SMARTVILLE,55,29,0,1,1,,86,0,1.162790698,1.162790698
BLUE LAKE,78,5,1,0,2,,86,1.162790698,0,1.162790698
BURLINGAME,1994,148,23,2,3,,2170,1.059907834,0.092165899,1.152073733
SANTA CLARITA,2521,198,31,1,30,,2781,1.11470694,0.035958288,1.150665228
RANCHO MIRAGE,292,42,4,0,12,,350,1.142857143,0,1.142857143
LARKSPUR,254,6,1,2,0,,263,0.380228137,0.760456274,1.140684411
SOQUEL,389,41,4,1,8,,443,0.902934537,0.225733634,1.128668172
KERMAN,1570,114,10,10,70,,1774,0.563697858,0.563697858,1.127395716
REDWOOD CITY,7185,543,75,13,12,,7828,0.958099131,0.166070516,1.124169647
CAMPBELL,2511,306,26,6,19,,2868,0.906555091,0.209205021,1.115760112
PESCADERO,82,9,1,0,0,,92,1.086956522,0,1.086956522
PLEASANT HILL,1588,154,13,6,9,,1770,0.734463277,0.338983051,1.073446328
WEST HILLS,886,37,8,2,17,,950,0.842105263,0.210526316,1.052631579
WEST HOLLYWOOD,546,21,7,0,94,,668,1.047904192,0,1.047904192
TUOLUMNE,156,33,1,1,0,,191,0.523560209,0.523560209,1.047120419
SLOUGHHOUSE,181,11,2,0,1,,195,1.025641026,0,1.025641026
ALISO VIEJO,3591,166,34,5,7,,3803,0.894031028,0.131475151,1.025506179
LOS GATOS,1589,150,17,1,15,,1772,0.959367946,0.056433409,1.015801354
CORONADO,816,59,8,1,3,,887,0.901916573,0.112739572,1.014656144
CLOVIS,6224,360,48,24,442,,7098,0.67624683,0.338123415,1.014370245
IRVINE,11878,549,122,6,93,,12648,0.96457938,0.04743833,1.01201771
SEAL BEACH,637,36,5,2,24,,704,0.710227273,0.284090909,0.994318182
PALOS VERDES PENINSULA,559,33,5,1,7,,605,0.826446281,0.165289256,0.991735537
NEWPORT BEACH,2099,94,20,2,5,,2220,0.900900901,0.09009009,0.990990991
GROVELAND,68,32,1,0,0,,101,0.99009901,0,0.99009901
LA VERNE,1157,124,9,4,24,,1318,0.682852807,0.303490137,0.986342944
EL SEGUNDO,817,61,9,0,38,,925,0.972972973,0,0.972972973
SAN RAFAEL,3941,216,38,3,30,,4228,0.898770104,0.070955535,0.969725639
AGOURA HILLS,874,34,7,2,12,,929,0.753498385,0.215285253,0.968783638
SAN MARINO,384,12,3,1,17,,417,0.71942446,0.239808153,0.959232614
PORTOLA VALLY,201,5,2,0,1,,209,0.956937799,0,0.956937799
SOULSBYVILLE,93,11,1,0,0,,105,0.952380952,0,0.952380952
SANTA MONICA,4029,172,40,2,225,,4468,0.895255148,0.044762757,0.940017905
FELTON,285,28,1,2,4,,320,0.3125,0.625,0.9375
CUPERTINO,2261,170,23,0,18,,2472,0.930420712,0,0.930420712
MALIBU,489,16,3,2,29,,539,0.556586271,0.371057514,0.927643785
EL DORADO HILLS,1449,150,14,1,12,,1626,0.86100861,0.061500615,0.922509225
MOUNTAIN VIEW,5493,371,51,3,41,,5959,0.855848297,0.050344017,0.906192314
CAMARILLO,3501,351,34,1,5,,3892,0.873586845,0.025693731,0.899280576
CLAREMONT,1099,106,5,6,21,,1237,0.404203719,0.485044462,0.889248181
STUDIO CITY,1397,43,11,3,128,,1582,0.695322377,0.189633375,0.884955752
SAN RAMON,4051,300,37,2,30,,4420,0.837104072,0.045248869,0.882352941
ENCINO,2065,92,18,2,96,,2273,0.791904971,0.087989441,0.879894413
LAGUNA BEACH,743,47,7,0,5,,802,0.872817955,0,0.872817955
CANTUA CREEK,106,6,1,0,2,,115,0.869565217,0,0.869565217
SARATOGA,645,66,5,1,3,,720,0.694444444,0.138888889,0.833333333
MEADOW VISTA,98,21,1,0,0,,120,0.833333333,0,0.833333333
DEL MAR,443,33,3,1,1,,481,0.623700624,0.207900208,0.831600832
ENCINITAS,2391,237,15,6,5,,2654,0.565184627,0.226073851,0.791258478
BEN LOMOND,224,23,2,0,4,,253,0.790513834,0,0.790513834
BELMONT,1556,86,13,0,3,,1658,0.784077201,0,0.784077201
BURBANK,5137,379,39,5,92,,5652,0.690021231,0.08846426,0.778485492
SHERMAN OAKS,2957,150,22,3,188,,3320,0.662650602,0.090361446,0.753012048
WESTLAKE VILLAGE,627,30,5,0,10,,672,0.744047619,0,0.744047619
APTOS,882,61,6,1,23,,973,0.616649538,0.102774923,0.71942446
TARZANA,1395,99,9,2,44,,1549,0.581020013,0.129115558,0.710135571
BEVERLY HILLS,1479,59,13,0,324,,1875,0.693333333,0,0.693333333
MOSS BEACH,128,16,1,0,1,,146,0.684931507,0,0.684931507
NORTH FORK,119,14,1,0,12,,146,0.684931507,0,0.684931507
NEWBURY PARK,2032,189,14,1,5,,2241,0.624721107,0.044622936,0.669344043
SAN ANSELMO,563,28,4,0,4,,599,0.667779633,0,0.667779633
CORTE MADERA,430,17,3,0,1,,451,0.66518847,0,0.66518847
SOUTH PASADENA,1094,70,8,0,42,,1214,0.658978583,0,0.658978583
VILLA PARK,139,10,1,0,3,,153,0.653594771,0,0.653594771
LA CANADA FLINTRIDGE,433,17,3,0,8,,461,0.650759219,0,0.650759219
LA CRESCENTA,990,62,7,0,19,,1078,0.649350649,0,0.649350649
RESCUE,129,24,1,0,1,,155,0.64516129,0,0.64516129
SAN CARLOS,1637,76,11,0,5,,1729,0.636205899,0,0.636205899
BREA,1993,123,10,3,14,,2143,0.466635558,0.139990667,0.606626225
LADERA RANCH,2270,68,14,0,7,,2359,0.59347181,0,0.59347181
MANHATTAN BEACH,1537,59,10,0,82,,1688,0.592417062,0,0.592417062
MENLO PARK,2818,129,16,1,3,,2967,0.539265251,0.033704078,0.572969329
NEWPORT COAST,510,11,2,1,7,,531,0.376647834,0.188323917,0.564971751
HERMOSA BEACH,971,53,6,0,33,,1063,0.564440263,0,0.564440263
ALAMO,370,20,2,0,1,,393,0.508905852,0,0.508905852
SANTA YNEZ,153,46,1,0,3,,203,0.492610837,0,0.492610837
STANFORD,419,23,2,0,2,,446,0.448430493,0,0.448430493
CAPITOLA,425,30,2,0,12,,469,0.426439232,0,0.426439232
MILL VALLEY,1416,41,5,1,6,,1469,0.340367597,0.068073519,0.408441116
OAK PARK,475,22,2,0,2,,501,0.399201597,0,0.399201597
CORONA DEL MAR,494,9,2,0,1,,506,0.395256917,0,0.395256917
TOPANGA,218,24,1,0,11,,254,0.393700787,0,0.393700787
BRISBANE,250,19,1,0,4,,274,0.364963504,0,0.364963504
SAUSALITO,595,42,2,0,3,,642,0.31152648,0,0.31152648
LOS ALTOS,1271,49,4,0,12,,1336,0.299401198,0,0.299401198
PACIFIC PALISADES,809,16,2,0,50,,877,0.228050171,0,0.228050171
SIERRA MADRE,396,33,1,0,12,,442,0.226244344,0,0.226244344
GREENBRAE,445,15,0,1,4,,465,0,0.215053763,0.215053763
BELVEDERE TIBURON,470,12,1,0,3,,486,0.205761317,0,0.205761317
WEIMAR,12,5,0,0,0,,17,0,0,0
SPRECKELS,41,5,0,0,0,,46,0,0,0
WESTPORT,3,3,0,0,1,,7,0,0,0
WOODACRE,17,2,0,0,0,,19,0,0,0
TUPMAN,3,2,0,0,0,,5,0,0,0
VERNALIS,25,2,0,0,0,,27,0,0,0
VOLCANO,4,1,0,0,0,,5,0,0,0
YORKVILLE,3,2,0,0,0,,5,0,0,0
WILSEYVILLE,9,1,0,0,0,,10,0,0,0
TRINITY CENTER,2,3,0,0,1,,6,0,0,0
SUNOL,11,1,0,0,0,,12,0,0,0
SHAVER LAKE,5,0,0,0,0,,5,0,0,0
TRANQUILLITY,67,7,0,0,9,,83,0,0,0
YOLO,18,2,0,0,0,,20,0,0,0
STONYFORD,3,2,0,0,0,,5,0,0,0
VICTOR,2,4,0,0,0,,6,0,0,0
VALLEY FORD,17,2,0,0,1,,20,0,0,0
YETTEM,4,1,0,0,0,,5,0,0,0
SHASTA,30,13,0,0,1,,44,0,0,0
SODA SPRINGS,11,2,0,0,0,,13,0,0,0
SAN GREGORIO,3,2,0,0,0,,5,0,0,0
VINA,10,2,0,0,0,,12,0,0,0
TEHAMA,13,3,0,0,0,,16,0,0,0
TRES PINOS,14,0,0,0,0,,14,0,0,0
TAYLORSVILLE,6,0,0,0,0,,6,0,0,0
MOUNT AUKUM,5,0,0,0,0,,5,0,0,0
MOUNT HAMILTON,6,2,0,0,0,,8,0,0,0
MARCH AIR RESERVE BASE,23,1,0,0,0,,24,0,0,0
PEBBLE BEACH,92,13,0,0,1,,106,0,0,0
LYTLE CREEK,16,5,0,0,0,,21,0,0,0
RAYMOND,18,3,0,0,1,,22,0,0,0
MCCLOUD,27,2,0,0,0,,29,0,0,0
NICOLAUS,22,5,0,0,0,,27,0,0,0
PRINCETON,14,5,0,0,0,,19,0,0,0
ROSS,70,0,0,0,0,,70,0,0,0
LOTUS,17,6,0,0,0,,23,0,0,0
POINT MUGU NAWC,16,4,0,0,0,,20,0,0,0
RICHVALE,3,2,0,0,0,,5,0,0,0
NICASIO,6,0,0,0,0,,6,0,0,0
MERIDIAN,20,10,0,0,0,,30,0,0,0
NAVARRO,3,2,0,0,0,,5,0,0,0
O NEALS,4,0,0,0,1,,5,0,0,0
PLEASANT GROVE,24,4,0,0,1,,29,0,0,0
PAICINES,6,0,0,0,0,,6,0,0,0
MOUNT HERMON,21,2,0,0,1,,24,0,0,0
PETROLIA,7,1,0,0,0,,8,0,0,0
ROUGH AND READY,52,18,0,0,1,,71,0,0,0
MANTON,6,5,0,0,0,,11,0,0,0
MC KITTRICK,13,4,0,0,0,,17,0,0,0
FRIANT,43,6,0,0,4,,53,0,0,0
FOREST KNOLLS,26,4,0,0,1,,31,0,0,0
LAGUNA WOODS,5,0,0,0,0,,5,0,0,0
KNEELAND,33,8,0,0,1,,42,0,0,0
FIELDS LANDING,15,2,0,0,0,,17,0,0,0
LEGGETT,12,4,0,0,0,,16,0,0,0
HATHAWAY PINES,16,1,0,0,0,,17,0,0,0
EARP,1,0,0,0,4,,5,0,0,0
HELM,20,3,0,0,0,,23,0,0,0
FOREST RANCH,29,17,0,0,4,,50,0,0,0
EDISON,4,1,0,0,0,,5,0,0,0
FAIRFAX,311,17,0,0,0,,328,0,0,0
FINLEY,4,2,0,0,0,,6,0,0,0
HUME,22,1,0,0,1,,24,0,0,0
FORT DICK,2,3,0,0,0,,5,0,0,0
GASQUET,8,6,0,0,0,,14,0,0,0
FAWNSKIN,4,0,0,0,1,,5,0,0,0
ETNA,76,16,0,0,3,,95,0,0,0
LONG BARN,9,4,0,0,0,,13,0,0,0
GREEN VALLEY LAKE,6,0,0,0,0,,6,0,0,0
IGO,25,14,0,0,1,,40,0,0,0
LAGUNITAS,12,3,0,0,0,,15,0,0,0
INVERNESS,26,6,0,0,2,,34,0,0,0
KEENE,8,1,0,0,1,,10,0,0,0
FORBESTOWN,10,3,0,0,0,,13,0,0,0
INDIAN WELLS,24,3,0,0,0,,27,0,0,0
HOLT,3,2,0,0,0,,5,0,0,0
EL PORTAL,22,6,0,0,0,,28,0,0,0
FIDDLETOWN,5,0,0,0,0,,5,0,0,0
FULTON,35,8,0,0,0,,43,0,0,0
COURTLAND,40,6,0,0,2,,48,0,0,0
BAYSIDE,47,6,0,0,0,,53,0,0,0
CREST PARK,7,3,0,0,0,,10,0,0,0
BROWNS VALLEY,71,21,0,0,0,,92,0,0,0
BLOCKSBURG,5,2,0,0,0,,7,0,0,0
CAPAY,6,1,0,0,0,,7,0,0,0
ARTOIS,16,4,0,0,0,,20,0,0,0
DAVENPORT,21,4,0,0,1,,26,0,0,0
CRESTON,60,13,0,0,2,,75,0,0,0
BIG CREEK,4,1,0,0,0,,5,0,0,0
AVILA BEACH,11,3,0,0,0,,14,0,0,0
DUNLAP,18,2,0,0,2,,22,0,0,0
BANGOR,16,16,0,0,1,,33,0,0,0
BELL GARDENS,68,6,0,0,0,,74,0,0,0
BOYES HOT SPRINGS,5,1,0,0,1,,7,0,0,0
BOLINAS,47,9,0,0,0,,56,0,0,0
CLEMENTS,28,6,0,0,0,,34,0,0,0
AMADOR CITY,5,0,0,0,0,,5,0,0,0
BASS LAKE,5,2,0,0,0,,7,0,0,0
BIEBER,4,3,0,0,1,,8,0,0,0
BRANSCOMB,3,2,0,0,0,,5,0,0,0
CASPAR,4,1,0,0,0,,5,0,0,0
DESERT CENTER,5,1,0,0,0,,6,0,0,0
COMPTCHE,5,2,0,0,0,,7,0,0,0
BURNT RANCH,12,11,0,0,0,,23,0,0,0
DIABLO,11,0,0,0,0,,11,0,0,0
BENTON,9,0,0,0,1,,10,0,0,0
BURREL,5,1,0,0,0,,6,0,0,0
ANGELUS OAKS,31,7,0,0,0,,38,0,0,0
,,,,,,,,,,
,,,,,,,,,,
,,,,,,,,,,
,,,,,,,,,,
,,,,,,,,,,
